<?xml version="1.0" encoding="utf-8"?>
<items>
<item><title><value>&lt;title&gt;Free download latest open source code projects in java, android, php, c# .net, c/c++, iphone, html, vb, python, jsp, asp .net&lt;/title&gt;</value></title><Link><value>&lt;a href="https://www.kashipara.com/project/php/4776/hostel-management-system" class="projectLink tooltipLink" title="Hostel Management System project in PHP"&gt;Hostel Management System project in PHP&lt;/a&gt;</value><value>&lt;a href="https://www.kashipara.com/project/html-css-template/4770/ludo-game-front-end" class="projectLink tooltipLink" title="Ludo Game Front End project in HTML CSS"&gt;Ludo Game Front End project in HTML CSS&lt;/a&gt;</value><value>&lt;a href="https://www.kashipara.com/project/c-c-/4759/flight-management-system" class="projectLink tooltipLink" title="Flight Management System project in C/C++"&gt;Flight Management System project in C/C++&lt;/a&gt;</value><value>&lt;a href="https://www.kashipara.com/project/python/4738/advanced-library-management-system" class="projectLink tooltipLink" title="Advanced Library Management System project in Python"&gt;Advanced Library Management System project in Python&lt;/a&gt;</value><value>&lt;a href="https://www.kashipara.com/project/java/4727/track-fitness" class="projectLink tooltipLink" title="Track Fitness project in Java"&gt;Track Fitness project in Java&lt;/a&gt;</value><value>&lt;a href="https://www.kashipara.com/project/java/4721/named-entity-recognition-of-twitter-tweets" class="projectLink tooltipLink" title="Named Entity Recognition Of Twitter Tweets  project in Java"&gt;Named Entity Recognition Of Twitter Tweets  project in Java&lt;/a&gt;</value><value>&lt;a href="https://www.kashipara.com/project/javascript/4715/breakout-game" class="projectLink tooltipLink" title="Breakout Game project in javascript"&gt;Breakout Game project in javascript&lt;/a&gt;</value><value>&lt;a href="https://www.kashipara.com/project/python/4704/school-management-system-django-" class="projectLink tooltipLink" title="School Management System (Django) project in Python"&gt;School Management System (Django) project in Python&lt;/a&gt;</value><value>&lt;a href="https://www.kashipara.com/project/python/4703/instagram-clone" class="projectLink tooltipLink" title="Instagram Clone (Django) project in Python"&gt;Instagram Clone (Django) project in Python&lt;/a&gt;</value><value>&lt;a href="https://www.kashipara.com/project/python/4702/to-do-app" class="projectLink tooltipLink" title="To Do App (Django) project in Python"&gt;To Do App (Django) project in Python&lt;/a&gt;</value><value>&lt;a href="https://www.kashipara.com/project/c-c-/4701/prison-station-management-system" class="projectLink tooltipLink" title="Prison Station Management System project in C/C++"&gt;Prison Station Management System project in C/C++&lt;/a&gt;</value><value>&lt;a href="https://www.kashipara.com/project/javascript/4700/drawing-app" class="projectLink tooltipLink" title="Drawing App project in javascript"&gt;Drawing App project in javascript&lt;/a&gt;</value><value>&lt;a href="https://www.kashipara.com/project/jsp/4694/online-tender-system" class="projectLink tooltipLink" title="Online Tender System project in JSP"&gt;Online Tender System project in JSP&lt;/a&gt;</value><value>&lt;a href="https://www.kashipara.com/project/jsp/4693/online-shopping-system" class="projectLink tooltipLink" title="Online Shopping System  project in JSP"&gt;Online Shopping System  project in JSP&lt;/a&gt;</value><value>&lt;a href="https://www.kashipara.com/project/php/4692/online-gas-booking-portal" class="projectLink tooltipLink" title="Online Gas Booking Portal project in PHP"&gt;Online Gas Booking Portal project in PHP&lt;/a&gt;</value><value>&lt;a href="https://www.kashipara.com/project/javascript/4691/todolist" class="projectLink tooltipLink" title="TodoList project in javascript"&gt;TodoList project in javascript&lt;/a&gt;</value><value>&lt;a href="https://www.kashipara.com/project/python/4690/online-voting-system" class="projectLink tooltipLink" title="Online Voting System (Django) project in Python"&gt;Online Voting System (Django) project in Python&lt;/a&gt;</value><value>&lt;a href="https://www.kashipara.com/project/python/4689/online-food-ordering-system" class="projectLink tooltipLink" title="Online Food Ordering System project in Python"&gt;Online Food Ordering System project in Python&lt;/a&gt;</value><value>&lt;a href="https://www.kashipara.com/project/python/4688/quiz-app" class="projectLink tooltipLink" title="Quiz App (Django) project in Python"&gt;Quiz App (Django) project in Python&lt;/a&gt;</value><value>&lt;a href="https://www.kashipara.com/project/html-css-template/4677/html-css-javascript-scientific-calculator" class="projectLink tooltipLink" title="HTML, CSS, JavaScript Scientific Calculator project in HTML CSS"&gt;HTML, CSS, JavaScript Scientific Calculator project in HTML CSS&lt;/a&gt;</value><value>&lt;a href="https://www.kashipara.com/project/idea/php/crime-management-system_2713.html" class="projectLink tooltipLink" title="Crime Management System"&gt;Crime Management System&lt;/a&gt;</value><value>&lt;a href="https://www.kashipara.com/project/idea/python/covid-19_2712.html" class="projectLink tooltipLink" title="Covid-19"&gt;Covid-19&lt;/a&gt;</value><value>&lt;a href="https://www.kashipara.com/project/idea/laravel-php/fingerprint-registration-and-verify-using-mantra-scanner-or-any-scanner-with-laravel-for-user-management_2711.html" class="projectLink tooltipLink" title="Fingerprint Registration and verify using mantra scanner or any scanner with Laravel for user management"&gt;Fingerprint Registration and verify using mantra scanner or any scanner with Laravel for user management&lt;/a&gt;</value><value>&lt;a href="https://www.kashipara.com/project/idea/vb/hospital-invoicing-system_2710.html" class="projectLink tooltipLink" title="Hospital invoicing system"&gt;Hospital invoicing system&lt;/a&gt;</value><value>&lt;a href="https://www.kashipara.com/project/idea/java/car-service-management-system_2709.html" class="projectLink tooltipLink" title="Car Service Management System"&gt;Car Service Management System&lt;/a&gt;</value><value>&lt;a href="https://www.kashipara.com/project/idea/python/prediction-of-diseases-using-air-quality_2708.html" class="projectLink tooltipLink" title="Prediction Of Diseases Using Air Quality"&gt;Prediction Of Diseases Using Air Quality&lt;/a&gt;</value><value>&lt;a href="https://www.kashipara.com/template/html5/4077/exploring-travel-form" class="projectLink tooltipLink" title="Exploring Travel Form template in HTML5"&gt;Exploring Travel Form template in HTML5&lt;/a&gt;</value><value>&lt;a href="https://www.kashipara.com/template/html5/3970/gaming-website" class="projectLink tooltipLink" title="Gaming Website template in HTML5"&gt;Gaming Website template in HTML5&lt;/a&gt;</value><value>&lt;a href="https://www.kashipara.com/template/html5/3969/car-rental-website" class="projectLink tooltipLink" title="Car Rental Website template in HTML5"&gt;Car Rental Website template in HTML5&lt;/a&gt;</value><value>&lt;a href="https://www.kashipara.com/template/html-css-template/3965/template-for-blogger-amp-wordpress" class="projectLink tooltipLink" title="Template For Blogger &amp;amp; Wordpress template in HTML CSS"&gt;Template For Blogger &amp;amp; Wordpress template in HTML CSS&lt;/a&gt;</value><value>&lt;a href="https://www.kashipara.com/template/javascript/3945/online-banking" class="projectLink tooltipLink" title="Online Banking template in javascript"&gt;Online Banking template in javascript&lt;/a&gt;</value><value>&lt;a href="https://www.kashipara.com/template/html-css-template/3944/admin-panel" class="projectLink tooltipLink" title="Admin Panel template in HTML CSS"&gt;Admin Panel template in HTML CSS&lt;/a&gt;</value><value>&lt;a href="https://www.kashipara.com/project/php/73/school-management-system-download-project-source-code-in-php" class="projectLink tooltipLink" title="School management system project in PHP"&gt;School management system project in PHP&lt;/a&gt;</value><value>&lt;a href="https://www.kashipara.com/project/php/322/ecommerce-website-in-php-with-source-code-download" class="projectLink tooltipLink" title="eCommerce Website project in PHP"&gt;eCommerce Website project in PHP&lt;/a&gt;</value><value>&lt;a href="https://www.kashipara.com/project/php/642/online-shopping-store" class="projectLink tooltipLink" title="Online Shopping Store project in PHP"&gt;Online Shopping Store project in PHP&lt;/a&gt;</value><value>&lt;a href="https://www.kashipara.com/project/php/3/online-exam-php-project-source-code-download" class="projectLink tooltipLink" title="online exam project in PHP"&gt;online exam project in PHP&lt;/a&gt;</value><value>&lt;a href="https://www.kashipara.com/project/android/93/restaurant-management-source-code-in-android-project-download" class="projectLink tooltipLink" title="restaurant management system project in Android"&gt;restaurant management system project in Android&lt;/a&gt;</value><value>&lt;a href="https://www.kashipara.com/project/php/35/job-portal-management-system-php-source-code-download" class="projectLink tooltipLink" title="job portal system project in PHP"&gt;job portal system project in PHP&lt;/a&gt;</value></Link><Description><value>Here is Hostel Management system project for database Sysytem students and it was designed to provide a computerized process that is stress free, reliable and quick through the use of PHP computer programming language and mysql or xampp  application ...</value><value>Ludo game front end is created by using html and css code. Four players are there in this game and a house is created and every stop is also showing there....</value><value>This is very useful project. This project is used for any Airline Authority.


































...</value><value>features Of project:-
1] ADD student In Library 
2] delete Student from library 
3] Update Student  detail
4] add librarian 
5]manage Books 
6] Issue Books
7]Return Books
8]   when new Librarian  is added in database his password automaticall...</value><value>tracking blood pressure and fitness of the human body.it is a saMPLE project of java.i need to test it.i think it will work and determine a very good result.indeed it is developing.but first i have to test it to submit....</value><value>Multilingual speakers often switch back and forth between languages when
speaking or writing, mostly in informal settings. This language interchanging
involves complex grammar and the terms “code switching” or “code mixing”
are used to des...</value><value>This is a game in programing language JavaScript. Very easy to run this Project.


























 ...</value><value>This is very useful project. This project is used for any School.












































...</value><value>This is very useful project. This project is used for any Person.











































...</value><value>This is very useful project. 









































































...</value><value>This is very useful project. This project is used for any Prison Station.




































...</value><value>This is very useful project.













































































...</value><value>E-Tendering System (or Electronic Tendering System) facilitates the complete tendering process from the advertising of the requirement through to the placing of the contract. This includes the exchange of all relevant documents in electronic format.
...</value><value>Online shopping is a form of electronic commerce which allows consumers to directly buy goods or services from a seller over the Internet using a web browser or a mobile app. Consumers find a product of interest by visiting the website of the retaile...</value><value>Online Gas Booking Portal helps to the easy gas booking via online as well as we have get our gas availability status.
Project Login Credential Is -
1)Distributor Login
Distributor Id: 1
Password:java@1991

2)Consumer Login
Consumer Id:2
Pass...</value><value>to‐do list (plural to-do lists) A list of errands and other tasks – often written on a piece of paper as a memory aid – that one needs or intends to accomplish....</value><value>This is very useful project. 
















































































...</value><value>This is very useful project. This project is used for any Restaurant company.




























...</value><value>This is very useful project. This project is used for any Students.










































...</value><value>The scientific calculator has necessary calculation formulas for real numbers. Trigonometry and parenthesis are handled without precision management. ...</value><value>Crime Management System containing registration,user login,complain page,police incharge, station incharge, headquarter etc...</value><value>I need project based on Covid which give update regardind Covid. Also give notfication on my desktop...</value><value>I need a customer registration system where we can register a user with their image captured via webcam and also store their fingerprints so we can ve...</value><value>the system should be able to display invoice number, invoice date, patient name, patient address, age, bed number, admission and discharge date. Most ...</value><value>software for car service management in java language like booking service spare parts, resgiration 
...</value><value>We Have To Predict Seasonal Diseases Based On Air Quality Available In Environment. And Suggest Precautions Measurements....</value><value>This is very useful project. This project is used for any Travel Site.







































...</value><value>This is very useful project. This project is used for any Gaming Website.









 
 
 






 

 

...</value><value>This is very useful project. This project is used for any Car rental website.













 
 
 

 
 
...</value><value>Template is html and css based.Best ever blog Template for blogger and WordPress You can add a number of posts in this template ....</value><value>This is very useful project. This project is used for any Government an Non Government Bank.





 


...</value><value>This is very useful project. This project is used for any Website for Admin panel.


 
 



    
 

 ...</value><value>School management system project source code in phpschool management project development in programming language php.In this project using a mysql database for store all details and records of student.In this project Administrator can manage staff.Li...</value><value>E commerce Website development in php.eCommerce website features.1) product catalog details.2) shopping carts.3) user past records.4) admin panel.5) manage product details and add remove products.6) generate reports.free download e commerce webs...</value><value>It is a E-commerce project. its a dynamic and flexible project. 

The Project entitled e-Shopping is a web-based application Software developed in PHP language using PHP as front end on Pentium machine. The main aim of e- Shopping is to improv...</value><value>Download Project Online exam project in php source code with database.Online Exam project.In this project two type of user. Admin and Students.Admin panel.Admin should be add new exam subjects. also put exam question and answer assign in subject vise...</value><value>restaurant management system source code in android project downloadrestaurant management application in this project many features.search restaurant by place.customer info save.order listing in apps.today menu listing.this project final year major p...</value><value>free download job port management system php with source code and database.latest job portal system in php with source code and database.download job portal application using php.this project useful for student help development project in his institu...</value></Description></item>
</items>